{"0x4200000000000000000000000000000000000006": 0.5925936603588058, "0xb6fe221fe9eef5aba221c348ba20a1bf5e73624c": 0.3768784134286039}