{"0x4200000000000000000000000000000000000006": 0.5925136296378802, "0xb6fe221fe9eef5aba221c348ba20a1bf5e73624c": 0.37695012244039305}