{"0x4200000000000000000000000000000000000006": 0.6510838444329256, "0xb6fe221fe9eef5aba221c348ba20a1bf5e73624c": 0.32400674366057125}