{"0x4200000000000000000000000000000000000006": 0.6504544086302252, "0xb6fe221fe9eef5aba221c348ba20a1bf5e73624c": 0.32459338122684717}