{"0x4200000000000000000000000000000000000006": 0.6459938461558474, "0xb6fe221fe9eef5aba221c348ba20a1bf5e73624c": 0.3287268150706321}