{"0x4200000000000000000000000000000000000006": 0.631907697733383, "0xb6fe221fe9eef5aba221c348ba20a1bf5e73624c": 0.3414696827026382}