{"0x4200000000000000000000000000000000000006": 0.6420911141790264, "0xb6fe221fe9eef5aba221c348ba20a1bf5e73624c": 0.33226415897998723}