{"0x4200000000000000000000000000000000000006": 0.6145950709988691, "0xb6fe221fe9eef5aba221c348ba20a1bf5e73624c": 0.3571911640563275}