{"0x4200000000000000000000000000000000000006": 0.5275490871169451, "0xb6fe221fe9eef5aba221c348ba20a1bf5e73624c": 0.4358991652081895}