{"0x4200000000000000000000000000000000000006": 0.2898644915054658, "0xb6fe221fe9eef5aba221c348ba20a1bf5e73624c": 0.6506839805333174}