{"0x4200000000000000000000000000000000000006": 0.39842026353363896, "0xb6fe221fe9eef5aba221c348ba20a1bf5e73624c": 0.5524153584187468}