{"0x4200000000000000000000000000000000000006": 0.3336380988385167, "0xb6fe221fe9eef5aba221c348ba20a1bf5e73624c": 0.6108744615482118}