{"0x4200000000000000000000000000000000000006": 0.5153032724816676, "0xb6fe221fe9eef5aba221c348ba20a1bf5e73624c": 0.4469594621745448}