{"0x4200000000000000000000000000000000000006": 0.5989594730009976, "0xb6fe221fe9eef5aba221c348ba20a1bf5e73624c": 0.37154804715136613}