{"0x4200000000000000000000000000000000000006": 0.6630840472441379, "0xb6fe221fe9eef5aba221c348ba20a1bf5e73624c": 0.31380803045525324}