{"0x38d64ce1bdf1a9f24e0ec469c9cade61236fb4a0": 0.8840684907524805, "0x7f39c581f595b53c5cb19bd0b3f8da6c935e2ca0": 0.10545072055353856}