{"0x38d64ce1bdf1a9f24e0ec469c9cade61236fb4a0": 0.8959163576864604, "0x7f39c581f595b53c5cb19bd0b3f8da6c935e2ca0": 0.09575239179721053}