{"0x38d64ce1bdf1a9f24e0ec469c9cade61236fb4a0": 0.975462612139498, "0x7f39c581f595b53c5cb19bd0b3f8da6c935e2ca0": 0.035563012468134335}