{"0xbf5495efe5db9ce00f80364c8b423567e58d2110": 0.35292875142276714, "0xcd5fe23c85820f7b72d0926fc9b05b43e359b7ee": 0.2788861894853537, "0xfae103dc9cf190ed75350761e95403b7b8afa6c0": 0.35887058342377415}