{"0xbf5495efe5db9ce00f80364c8b423567e58d2110": 0.6766766698179338, "0xcd5fe23c85820f7b72d0926fc9b05b43e359b7ee": 0.14460158843216195, "0xfae103dc9cf190ed75350761e95403b7b8afa6c0": 0.17593448865097977}