{"0xbf5495efe5db9ce00f80364c8b423567e58d2110": 0.7199386443383115, "0xcd5fe23c85820f7b72d0926fc9b05b43e359b7ee": 0.12709288688350273, "0xfae103dc9cf190ed75350761e95403b7b8afa6c0": 0.1512252874560672}