{"0xbf5495efe5db9ce00f80364c8b423567e58d2110": 0.2845873494517704, "0xcd5fe23c85820f7b72d0926fc9b05b43e359b7ee": 0.16566064914570391, "0xfae103dc9cf190ed75350761e95403b7b8afa6c0": 0.5449765241527387}