{"0x0d500b1d8e8ef31e21c99d1db9a6444d3adf1270": 0.16425631976364463, "0xfa68fb4628dff1028cfec22b4162fccd0d45efb6": 0.7613301795134733}