{"0x0d500b1d8e8ef31e21c99d1db9a6444d3adf1270": 0.1494258171476801, "0xfa68fb4628dff1028cfec22b4162fccd0d45efb6": 0.7743298341175958}