{"0xbf5495efe5db9ce00f80364c8b423567e58d2110": 0.9285832900946358, "0xc02aaa39b223fe8d0a0e5c4f27ead9083c756cc2": 0.07196549797593124}