{"0x9bcef72be871e61ed4fbbc7630889bee758eb81d": 0.4378724053635386, "0xe05a08226c49b636acf99c40da8dc6af83ce5bb3": 0.4616916733404867}