{"0x9bcef72be871e61ed4fbbc7630889bee758eb81d": 0.4381294614840479, "0xe05a08226c49b636acf99c40da8dc6af83ce5bb3": 0.4612837533555266}