{"0x9bcef72be871e61ed4fbbc7630889bee758eb81d": 0.43448249858996085, "0xe05a08226c49b636acf99c40da8dc6af83ce5bb3": 0.46406330767683446}