{"0x2416092f143378750bb29b79ed961ab195cceea5": 0.31758400332120573, "0x5979d7b546e38e414f7e9822514be443a4800529": 0.5940165993420857}