{"0x2416092f143378750bb29b79ed961ab195cceea5": 0.9024951332275348, "0x5979d7b546e38e414f7e9822514be443a4800529": 0.09015737306713582}