{"0x2416092f143378750bb29b79ed961ab195cceea5": 0.9029985732518081, "0x5979d7b546e38e414f7e9822514be443a4800529": 0.0897006405380577}