{"0x346e03f8cce9fe01dcb3d0da3e9d00dc2c0e08f0": 5.1222724619101794e-05, "0x4200000000000000000000000000000000000006": 2.727916724445142}