{"0x346e03f8cce9fe01dcb3d0da3e9d00dc2c0e08f0": 9.232272507301866e-06, "0x4200000000000000000000000000000000000006": 5.648989542222724}