{"0x346e03f8cce9fe01dcb3d0da3e9d00dc2c0e08f0": 9.609204388343112e-06, "0x4200000000000000000000000000000000000006": 5.552465659637674}