{"0x346e03f8cce9fe01dcb3d0da3e9d00dc2c0e08f0": 0.012813588606896903, "0x4200000000000000000000000000000000000006": 1.0071155686943558}