{"0x346e03f8cce9fe01dcb3d0da3e9d00dc2c0e08f0": 0.012814892520033901, "0x4200000000000000000000000000000000000006": 1.0071123622924811}