{"0x346e03f8cce9fe01dcb3d0da3e9d00dc2c0e08f0": 0.33129571369472, "0x4200000000000000000000000000000000000006": 0.66184948170113}