{"0x346e03f8cce9fe01dcb3d0da3e9d00dc2c0e08f0": 0.870323485345951, "0x4200000000000000000000000000000000000006": 0.1032829934500954}