depositor_address,bpt_in_wallet,bpt_in_bal_gauge,bpt_in_aura,total_pool_tokens
0x854B004700885A61107B458f11eCC169A019b764,0.020672395832101,0.0,0.0,0.020672395832101
0x0000000000000000000000000000000000000000,1e-12,0.0,0.0,1e-12
