{"0x346e03f8cce9fe01dcb3d0da3e9d00dc2c0e08f0": 1.175719158672123, "0x4200000000000000000000000000000000000006": 0.0009620728980787715}