{"0xae78736cd615f374d3085123a210448e74fc6393": 0.31272562069266235, "0xcd5fe23c85820f7b72d0926fc9b05b43e359b7ee": 0.6427768635293839}