{"0xae78736cd615f374d3085123a210448e74fc6393": 0.3638906358940386, "0xcd5fe23c85820f7b72d0926fc9b05b43e359b7ee": 0.588237947567351}