{"0xae78736cd615f374d3085123a210448e74fc6393": 0.28918872414585994, "0xcd5fe23c85820f7b72d0926fc9b05b43e359b7ee": 0.6677694400464276}