{"0xae78736cd615f374d3085123a210448e74fc6393": 0.267448725954591, "0xcd5fe23c85820f7b72d0926fc9b05b43e359b7ee": 0.6896486012895622}