{"0x4f9a0e7fd2bf6067db6994cf12e4495df938e6e9": 0.5607711828534632, "0xb23c20efce6e24acca0cef9b7b7aa196b84ec942": 0.4030165202052504}