depositor_address,bpt_in_wallet,bpt_in_bal_gauge,bpt_in_aura,total_pool_tokens
0xD98ed0426D18B115d6388923803e33ad8aaF11F8,248.16444269473877,0.0,0.0,0
0x2dD568028682FF2961cC341a4849F1b32f371064,180.37777786625657,0.0,0.0,180.37777786625657
0xA33E58F47e6C6d6620DfBbCF46feBE0f9C1abf3b,1.0810886409033333,0.0,0.0,1.0810886409033333
0x854B004700885A61107B458f11eCC169A019b764,0.029515662932487766,0.0,0.0,0.029515662932487766
0x5a407865411253E5A991d3e49E8Bc7A1FdBE82B0,0.000334389100068684,0.0,0.0,0.000334389100068684
0x022dc464A73b14043CCbA6E7aE7db772A1924E42,2.6339035640959e-05,0.0,0.0,2.6339035640959e-05
0xce88686553686DA562CE7Cea497CE749DA109f9F,9.701839984226e-06,0.0,0.0,9.701839984226e-06
0x0000000000000000000000000000000000000000,1e-12,0.0,0.0,1e-12
0x880B499325973065a3f8baA1E77a5C03eA367802,5.32e-16,0.0,0.0,5.32e-16
0x8567B8f9da794C8286c22Edd6D2468F49242bBa4,1.21e-16,0.0,0.0,1.21e-16
0x3DeB53153E2d212171f7EC7e60D10401fbd83932,4.4e-17,0.0,0.0,4.4e-17
0x3dFc49e5112005179Da613BdE5973229082dAc35,0.0,59.52328982706901,0.0,59.52328982706901
0xbEEF2691E1D13EC8Cb278c3068c2eDfb2109CeF3,0.0,55.67267913100114,0.0,55.67267913100114
0x8D3a67337c180D66448C314816036723047B38f8,0.0,54.074029305985356,0.0,54.074029305985356
0x519F7709577C94999e4C7cFaCb539CacB9EDb7b8,0.0,38.740339797693466,0.0,38.740339797693466
0x789BE334d4a91f747085C2E9c4F4338cbDE178c3,0.0,16.974061379462274,0.0,16.974061379462274
0x2F0d21d91ED0367A8a1B40fe9176dA3175b4A4E7,0.0,10.025210964236722,0.0,10.025210964236722
0x9702219A295801852357994DbfAEA84fcE3590Ca,0.0,8.946814940321332,0.0,8.946814940321332
0x7085f63B3fbe274569e7d28283253B31361F4119,0.0,4.208017348969486,0.0,4.208017348969486
