{"0x6733f0283711f225a447e759d859a70b0c0fd2bc": 0.7401357972824503, "0x7f39c581f595b53c5cb19bd0b3f8da6c935e2ca0": 0.135854130247663}