{"0xa1290d69c65a6fe4df752f95823fae25cb99e5a7": 0.9220528971237331, "0xa35b1b31ce002fbf2058d22f30f95d405200a15b": 0.07599768832725505}