{"0xa1290d69c65a6fe4df752f95823fae25cb99e5a7": 0.8591795042583011, "0xa35b1b31ce002fbf2058d22f30f95d405200a15b": 0.13686258704507612}